ขั้นตอน,จำนวนแถวที่กระทบ,การตัดสินใจ
แถวซ้ำทุกคอลัมน์,265,ลบ เก็บแถวแรกไว้
datetime ปี พ.ศ.,637,ลบ 543 เป็น ค.ศ.
datetime รูปแบบ DD/MM/YYYY,530,แปลงเป็น ISO ไม่มีวินาทีใส่ 00 เขตเวลา +07:00
ชื่อสาขามีช่องว่างหน้า/ท้าย,0,ตัดช่องว่าง
ชื่อสาขาสะกดต่าง,732,map เป็น 5 ชื่อมาตรฐาน
unit_price มีคำว่า บาท,60,ตัดคำแล้วแปลงเป็นตัวเลข
unit_price ติดลบ,25,แปลงเป็นบวก (ไม่มีการคืนเงินในระบบ = ใส่เครื่องหมายผิด)
qty = 0,20,ลบ (บิลยกเลิก)
product_id ว่าง,15,ลบ (เดาจากราคาไม่ได้ เพราะหลายเมนูราคาเท่ากัน)
แถวซ้ำหลังแปลงรูปแบบ,0,ลบ
